site,site_2,locality,author,year_published,title_of_publication,year_sampled,ID,Sample,sample_type,Lithology,Technician,gas_conc_unit,CH4_conc,CH4_was_measured,CH4_LQ,C2H6_conc,C2H6_was_measured,C2H6_LQ,C2H4_conc,C2H4_was_measured,C2H4_LQ,C3H8_conc,C3H8_was_measured,C3H8_LQ,n_C4H10_conc,n_C4H10_was_measured,n_C4H10_LQ,i_C4H10_conc,i_C4H10_was_measured,i_C4H10_LQ,n_C5H12_conc,n_C5H12_was_measured,n_C5H12_LQ,CH4_d13C_permil_VPDB,CH4_dD_permil_VSMOW,C2H6_d13C_permil_VPDB,C3H8_d13C_permil_VPDB,n_C4H10_d13C_permil_VPDB,n_C5H12_d13C_permil_VPDB,cap13CH3D_permil,cap13CH3D_unc_permil,cap12CH2D2_permil,cap12CH2D2_unc_permil,H2O_dD_permil_VSMOW,H2O_d18O_permil_VPDB
Philippines,Luzon,Los Fuegos Eternos,Abrajano et al.,1990,"﻿Geochemistry of reduced gas related to serpentinization of the Zambales ophiolite, Philippines",NA,NA,LFE-1,vent/well fluid,peridotite,NA,ppmv,1.30E+05,TRUE,NA,4.00E+02,TRUE,NA,NA,FALSE,NA,NA,FALSE,NA,NA,FALSE,NA,NA,FALSE,NA,NA,FALSE,NA,-7.1,NA,NA,NA,NA,NA,NA,NA,NA,NA,NA,NA
Philippines,Luzon,Los Fuegos Eternos,Abrajano et al.,1990,"﻿Geochemistry of reduced gas related to serpentinization of the Zambales ophiolite, Philippines",NA,NA,LFE-2,vent/well fluid,peridotite,NA,ppmv,5.53E+05,TRUE,NA,1.50E+03,TRUE,NA,NA,FALSE,NA,NA,FALSE,NA,NA,FALSE,NA,NA,FALSE,NA,NA,FALSE,NA,-7.42,-129.5,NA,NA,NA,NA,NA,NA,NA,NA,NA,NA
Philippines,Luzon,Los Fuegos Eternos,Abrajano et al.,1990,"﻿Geochemistry of reduced gas related to serpentinization of the Zambales ophiolite, Philippines",NA,NA,LFE-3,vent/well fluid,peridotite,NA,ppmv,5.48E+05,TRUE,NA,1.20E+03,TRUE,NA,NA,FALSE,NA,NA,FALSE,NA,NA,FALSE,NA,NA,FALSE,NA,NA,FALSE,NA,-6.52,-126,NA,NA,NA,NA,NA,NA,NA,NA,NA,NA
Oman/UAE,Oman,Bahla,Boulart et al.,2013,Differences in gas venting from ultramafic-hosted warm springs : the example of Oman and Voltri Ophiolites,2011,11,NA,vent/well fluid,Serpentinite,NA,ppmv,1.50E+04,TRUE,NA,69.6,TRUE,NA,NA,FALSE,NA,15,TRUE,NA,4.4,TRUE,NA,NA,FALSE,NA,NA,TRUE,NA,NA,NA,NA,NA,NA,NA,NA,NA,NA,NA,NA,NA
Oman/UAE,Oman,Bahla,Boulart et al.,2013,Differences in gas venting from ultramafic-hosted warm springs : the example of Oman and Voltri Ophiolites,2011,11,NA,vent/well fluid,Serpentinite,NA,ppmv,1.60E+04,TRUE,NA,70.3,TRUE,NA,NA,FALSE,NA,14.7,TRUE,NA,5.2,TRUE,NA,NA,FALSE,NA,NA,TRUE,NA,NA,NA,NA,NA,NA,NA,NA,NA,NA,NA,NA,NA
Oman/UAE,Oman,Bahla,Boulart et al.,2013,Differences in gas venting from ultramafic-hosted warm springs : the example of Oman and Voltri Ophiolites,2011,11,NA,vent/well fluid,Serpentinite,NA,ppmv,2.50E+04,TRUE,NA,70.7,TRUE,NA,NA,FALSE,NA,14.9,TRUE,NA,5.8,TRUE,NA,NA,FALSE,NA,NA,TRUE,NA,NA,NA,NA,NA,NA,NA,NA,NA,NA,NA,NA,NA
Oman/UAE,Oman,Miskin,Boulart et al.,2013,Differences in gas venting from ultramafic-hosted warm springs : the example of Oman and Voltri Ophiolites,2011,13,NA,vent/well fluid,"peridotite/gabbro, MOHO",NA,ppmv,1.50E+04,TRUE,NA,9.9,TRUE,NA,NA,FALSE,NA,8.2,TRUE,NA,NA,TRUE,NA,NA,FALSE,NA,NA,TRUE,NA,NA,NA,NA,NA,NA,NA,NA,NA,NA,NA,NA,NA
Oman/UAE,Oman,Miskin,Boulart et al.,2013,Differences in gas venting from ultramafic-hosted warm springs : the example of Oman and Voltri Ophiolites,2011,13,NA,vent/well fluid,"peridotite/gabbro, MOHO",NA,ppmv,1.50E+04,TRUE,NA,9.5,TRUE,NA,NA,FALSE,NA,7.8,TRUE,NA,5.7,TRUE,NA,NA,FALSE,NA,8.2,TRUE,NA,NA,NA,NA,NA,NA,NA,NA,NA,NA,NA,NA,NA
Oman/UAE,Oman,Haylan,Boulart et al.,2013,Differences in gas venting from ultramafic-hosted warm springs : the example of Oman and Voltri Ophiolites,2011,20,NA,vent/well fluid,bedded gabbro above peridotite (100 m thick),NA,ppmv,5.60E+04,TRUE,NA,10.1,TRUE,NA,NA,FALSE,NA,NA,TRUE,NA,NA,TRUE,NA,NA,FALSE,NA,NA,TRUE,NA,NA,NA,NA,NA,NA,NA,NA,NA,NA,NA,NA,NA
Oman/UAE,Oman,Haylan,Boulart et al.,2013,Differences in gas venting from ultramafic-hosted warm springs : the example of Oman and Voltri Ophiolites,2011,20,NA,vent/well fluid,bedded gabbro above peridotite (100 m thick),NA,ppmv,5.50E+04,TRUE,NA,11.2,TRUE,NA,NA,FALSE,NA,NA,TRUE,NA,NA,TRUE,NA,NA,FALSE,NA,NA,TRUE,NA,NA,NA,NA,NA,NA,NA,NA,NA,NA,NA,NA,NA
Oman/UAE,Oman,Haylan,Boulart et al.,2013,Differences in gas venting from ultramafic-hosted warm springs : the example of Oman and Voltri Ophiolites,2011,20,NA,vent/well fluid,bedded gabbro above peridotite (100 m thick),NA,ppmv,6.30E+04,TRUE,NA,13.9,TRUE,NA,NA,FALSE,NA,NA,TRUE,NA,NA,TRUE,NA,NA,FALSE,NA,NA,TRUE,NA,NA,NA,NA,NA,NA,NA,NA,NA,NA,NA,NA,NA
Oman/UAE,Oman,Haylan,Boulart et al.,2013,Differences in gas venting from ultramafic-hosted warm springs : the example of Oman and Voltri Ophiolites,2011,20,NA,vent/well fluid,bedded gabbro above peridotite (100 m thick),NA,ppmv,4.30E+04,TRUE,NA,8.2,TRUE,NA,NA,FALSE,NA,NA,TRUE,NA,NA,TRUE,NA,NA,FALSE,NA,NA,TRUE,NA,NA,NA,NA,NA,NA,NA,NA,NA,NA,NA,NA,NA
Oman/UAE,Oman,Fizhi,Boulart et al.,2013,Differences in gas venting from ultramafic-hosted warm springs : the example of Oman and Voltri Ophiolites,2011,27,NA,vent/well fluid,"Wehrlite/gabbro, within the crustal section",NA,ppmv,5.20E+04,TRUE,NA,84.8,TRUE,NA,NA,FALSE,NA,NA,TRUE,NA,NA,TRUE,NA,NA,FALSE,NA,NA,TRUE,NA,NA,NA,NA,NA,NA,NA,NA,NA,NA,NA,NA,NA
Oman/UAE,Oman,Fizhi,Boulart et al.,2013,Differences in gas venting from ultramafic-hosted warm springs : the example of Oman and Voltri Ophiolites,2011,27,NA,vent/well fluid,"Wehrlite/gabbro, within the crustal section",NA,ppmv,5.60E+04,TRUE,NA,108.9,TRUE,NA,NA,FALSE,NA,NA,TRUE,NA,NA,TRUE,NA,NA,FALSE,NA,NA,TRUE,NA,NA,NA,NA,NA,NA,NA,NA,NA,NA,NA,NA,NA
Oman/UAE,Oman,Fizhi,Boulart et al.,2013,Differences in gas venting from ultramafic-hosted warm springs : the example of Oman and Voltri Ophiolites,2011,27,NA,vent/well fluid,"Wehrlite/gabbro, within the crustal section",NA,ppmv,5.00E+04,TRUE,NA,92.3,TRUE,NA,NA,FALSE,NA,NA,TRUE,NA,NA,TRUE,NA,NA,FALSE,NA,NA,TRUE,NA,NA,NA,NA,NA,NA,NA,NA,NA,NA,NA,NA,NA
Oman/UAE,Oman,Fizhi,Boulart et al.,2013,Differences in gas venting from ultramafic-hosted warm springs : the example of Oman and Voltri Ophiolites,2011,28B,NA,vent/well fluid,"ultramafic cumulates, within the crustal section",NA,ppmv,3.30E+04,TRUE,NA,83.5,TRUE,NA,NA,FALSE,NA,NA,TRUE,NA,NA,TRUE,NA,NA,FALSE,NA,NA,TRUE,NA,NA,NA,NA,NA,NA,NA,NA,NA,NA,NA,NA,NA
Oman/UAE,Oman,Fizhi,Boulart et al.,2013,Differences in gas venting from ultramafic-hosted warm springs : the example of Oman and Voltri Ophiolites,2011,28B,NA,vent/well fluid,"ultramafic cumulates, within the crustal section",NA,ppmv,3.60E+04,TRUE,NA,72.7,TRUE,NA,NA,FALSE,NA,NA,TRUE,NA,NA,TRUE,NA,NA,FALSE,NA,NA,TRUE,NA,NA,NA,NA,NA,NA,NA,NA,NA,NA,NA,NA,NA
Oman/UAE,Oman,Fizhi,Boulart et al.,2013,Differences in gas venting from ultramafic-hosted warm springs : the example of Oman and Voltri Ophiolites,2011,28C,NA,vent/well fluid,"ultramafic cumulates, within the crustal section",NA,ppmv,2.60E+04,TRUE,NA,91.1,TRUE,NA,NA,FALSE,NA,NA,TRUE,NA,NA,TRUE,NA,NA,FALSE,NA,NA,TRUE,NA,NA,NA,NA,NA,NA,NA,NA,NA,NA,NA,NA,NA
Oman/UAE,Oman,Fizhi,Boulart et al.,2013,Differences in gas venting from ultramafic-hosted warm springs : the example of Oman and Voltri Ophiolites,2011,28C,NA,vent/well fluid,"ultramafic cumulates, within the crustal section",NA,ppmv,3.80E+04,TRUE,NA,52.6,TRUE,NA,NA,FALSE,NA,NA,TRUE,NA,NA,TRUE,NA,NA,FALSE,NA,NA,TRUE,NA,NA,NA,NA,NA,NA,NA,NA,NA,NA,NA,NA,NA
Oman/UAE,Oman,Fizhi,Boulart et al.,2013,Differences in gas venting from ultramafic-hosted warm springs : the example of Oman and Voltri Ophiolites,2011,28D,NA,vent/well fluid,"ultramafic cumulates, within the crustal section",NA,ppmv,4.20E+04,TRUE,NA,97.1,TRUE,NA,NA,FALSE,NA,NA,TRUE,NA,NA,TRUE,NA,NA,FALSE,NA,NA,TRUE,NA,NA,NA,NA,NA,NA,NA,NA,NA,NA,NA,NA,NA
Oman/UAE,Oman,Fizhi,Boulart et al.,2013,Differences in gas venting from ultramafic-hosted warm springs : the example of Oman and Voltri Ophiolites,2011,28D,NA,vent/well fluid,"ultramafic cumulates, within the crustal section",NA,ppmv,4.90E+04,TRUE,NA,93.4,TRUE,NA,NA,FALSE,NA,NA,TRUE,NA,NA,TRUE,NA,NA,FALSE,NA,NA,TRUE,NA,NA,NA,NA,NA,NA,NA,NA,NA,NA,NA,NA,NA
Oman/UAE,Oman,Fizhi,Boulart et al.,2013,Differences in gas venting from ultramafic-hosted warm springs : the example of Oman and Voltri Ophiolites,2011,28D,NA,vent/well fluid,"ultramafic cumulates, within the crustal section",NA,ppmv,4.50E+04,TRUE,NA,94.1,TRUE,NA,NA,FALSE,NA,NA,TRUE,NA,NA,TRUE,NA,NA,FALSE,NA,NA,TRUE,NA,NA,NA,NA,NA,NA,NA,NA,NA,NA,NA,NA,NA
Oman/UAE,Oman,Qafifah,Boulart et al.,2013,Differences in gas venting from ultramafic-hosted warm springs : the example of Oman and Voltri Ophiolites,2011,31,NA,vent/well fluid,Peridotite near Moho,NA,ppmv,7.90E+04,TRUE,NA,59.7,TRUE,NA,NA,FALSE,NA,NA,TRUE,NA,NA,TRUE,NA,NA,FALSE,NA,NA,TRUE,NA,NA,NA,NA,NA,NA,NA,NA,NA,NA,NA,NA,NA
Oman/UAE,Oman,Qafifah,Boulart et al.,2013,Differences in gas venting from ultramafic-hosted warm springs : the example of Oman and Voltri Ophiolites,2011,31,NA,vent/well fluid,Peridotite near Moho,NA,ppmv,8.00E+04,TRUE,NA,61.9,TRUE,NA,NA,FALSE,NA,NA,TRUE,NA,NA,TRUE,NA,NA,FALSE,NA,NA,TRUE,NA,NA,NA,NA,NA,NA,NA,NA,NA,NA,NA,NA,NA
Ashadze II,NA,NA,Charlou et al.,2010,﻿High Production and Fluxes of H2 and CH4 and Evidence of Abiotic Hydrocarbon Synthesis by Serpentinization in Ultramafic-Hosted Hydrothermal Systems on the Mid-Atlantic Ridge,2007,NA,NA,vent/well fluid,peridotite,NA,umol/L,800,TRUE,NA,5.7,TRUE,NA,NA,FALSE,NA,0.21,TRUE,NA,NA,FALSE,NA,NA,FALSE,NA,NA,FALSE,NA,-8.7,-107,-2,8.3,10,NA,NA,NA,NA,NA,NA,0
Oman/UAE,UAE,Al Farfar,Etiope et al.,2015,Occurrence of abiotic methane in the eastern United Arab Emirates ophiolite aquifer,2014,NA,NA,vent/well fluid,peridotite,NA,ppmv,1.50E+01,TRUE,NA,0.1,TRUE,NA,NA,FALSE,NA,NA,FALSE,1.00E+03,NA,FALSE,1.00E+03,NA,FALSE,NA,NA,FALSE,NA,-11.2,-315,NA,NA,NA,NA,NA,NA,NA,NA,NA,NA
Oman/UAE,UAE,Al Farfar,Etiope et al.,2015,Occurrence of abiotic methane in the eastern United Arab Emirates ophiolite aquifer,2014,NA,NA,vent/well fluid,peridotite,NA,ppmv,2.00E+01,TRUE,NA,0.1,TRUE,NA,NA,FALSE,NA,NA,FALSE,1.00E+03,NA,FALSE,1.00E+03,NA,FALSE,NA,NA,FALSE,NA,-13,-315,NA,NA,NA,NA,NA,NA,NA,NA,NA,NA
Oman/UAE,Oman,Al Khoud,Fritz et al.,1992,Deuterium and 13C evidence for low temperature production of hydrogen and methane in a highly alkaline groundwater environment in Oman,1989,NA,1a,vent/well fluid,peridotite,NA,ppmv,9.00E+03,TRUE,NA,NA,TRUE,1.00E+03,NA,FALSE,NA,NA,FALSE,1.00E+03,NA,FALSE,1.00E+03,NA,FALSE,NA,NA,FALSE,NA,-12.4,NA,NA,NA,NA,NA,NA,NA,NA,NA,NA,NA
Oman/UAE,Oman,Al Khoud,Fritz et al.,1992,Deuterium and 13C evidence for low temperature production of hydrogen and methane in a highly alkaline groundwater environment in Oman,1989,NA,20a,vent/well fluid,peridotite,NA,ppmv,5.00E+03,TRUE,NA,NA,TRUE,1.00E+03,NA,FALSE,NA,NA,FALSE,1.00E+03,NA,FALSE,1.00E+03,NA,FALSE,NA,NA,FALSE,NA,-14.7,NA,NA,NA,NA,NA,NA,NA,NA,NA,NA,NA
Oman/UAE,Oman,Nizwa,Fritz et al.,1992,Deuterium and 13C evidence for low temperature production of hydrogen and methane in a highly alkaline groundwater environment in Oman,1989,NA,1b,vent/well fluid,peridotite,NA,ppmv,1.00E+04,TRUE,NA,NA,TRUE,1.00E+03,NA,FALSE,NA,NA,FALSE,1.00E+03,NA,FALSE,1.00E+03,NA,FALSE,NA,NA,FALSE,NA,-12,NA,-11.4,NA,NA,NA,NA,NA,NA,NA,NA,NA
Philippines,Luzon,Zambales,Grozeva,2020,﻿Chemical and isotopic analyses of hydrocarbon-bearing fluid inclusions in olivine-rich rocks,NA,NA,NSS-02,rock crushing,peridotite,NA,nmol/g,23,TRUE,NA,0.075,TRUE,NA,NA,FALSE,NA,NA,FALSE,NA,NA,FALSE,NA,NA,FALSE,NA,NA,FALSE,NA,-3,NA,-0.9,NA,NA,NA,NA,NA,NA,NA,NA,NA
Philippines,Luzon,Zambales,Grozeva,2020,﻿Chemical and isotopic analyses of hydrocarbon-bearing fluid inclusions in olivine-rich rocks,NA,NA,NSS-04,rock crushing,peridotite,NA,nmol/g,37,TRUE,NA,0.082,TRUE,NA,NA,FALSE,NA,NA,FALSE,NA,NA,FALSE,NA,NA,FALSE,NA,NA,FALSE,NA,-2.8,NA,-1.2,NA,NA,NA,NA,NA,NA,NA,NA,NA
Philippines,Luzon,Zambales,Grozeva,2020,﻿Chemical and isotopic analyses of hydrocarbon-bearing fluid inclusions in olivine-rich rocks,NA,NA,ZMCR-02,rock crushing,dunite,NA,nmol/g,2,TRUE,NA,0.013,TRUE,NA,NA,FALSE,NA,NA,FALSE,NA,NA,FALSE,NA,NA,FALSE,NA,NA,FALSE,NA,-10.9,NA,NA,NA,NA,NA,NA,NA,NA,NA,NA,NA
Philippines,Luzon,Zambales,Grozeva,2020,﻿Chemical and isotopic analyses of hydrocarbon-bearing fluid inclusions in olivine-rich rocks,NA,NA,ZMCR-03,rock crushing,dunite,NA,nmol/g,1.7,TRUE,NA,NA,TRUE,NA,NA,FALSE,NA,NA,FALSE,NA,NA,FALSE,NA,NA,FALSE,NA,NA,FALSE,NA,-12.4,NA,NA,NA,NA,NA,NA,NA,NA,NA,NA,NA
Mid-Cayman Rise,NA,NA,Grozeva,2020,﻿Chemical and isotopic analyses of hydrocarbon-bearing fluid inclusions in olivine-rich rocks,NA,NA,ALV 620-3C,rock crushing,gneissic metagabbro,NA,nmol/g,313,TRUE,NA,0.99,TRUE,NA,NA,FALSE,NA,NA,FALSE,NA,NA,FALSE,NA,NA,FALSE,NA,NA,FALSE,NA,-14,NA,-12.5,NA,NA,NA,NA,NA,NA,NA,NA,NA
Mid-Cayman Rise,NA,NA,Grozeva,2020,﻿Chemical and isotopic analyses of hydrocarbon-bearing fluid inclusions in olivine-rich rocks,NA,NA,ALV 620-5-1,rock crushing,olivine gabbro,NA,nmol/g,254,TRUE,NA,0.68,TRUE,NA,NA,FALSE,NA,NA,FALSE,NA,NA,FALSE,NA,NA,FALSE,NA,NA,FALSE,NA,-4.4,NA,0.7,NA,NA,NA,NA,NA,NA,NA,NA,NA
Mid-Cayman Rise,NA,NA,Grozeva,2020,﻿Chemical and isotopic analyses of hydrocarbon-bearing fluid inclusions in olivine-rich rocks,NA,NA,ALV 624-5-1,rock crushing,olivine gabbro,NA,nmol/g,93,TRUE,NA,NA,TRUE,NA,NA,FALSE,NA,NA,FALSE,NA,NA,FALSE,NA,NA,FALSE,NA,NA,FALSE,NA,-7.2,NA,NA,NA,NA,NA,NA,NA,NA,NA,NA,NA
Mid-Cayman Rise,NA,NA,Grozeva,2020,﻿Chemical and isotopic analyses of hydrocarbon-bearing fluid inclusions in olivine-rich rocks,NA,NA,ALV 621-3-1,rock crushing,troctolite,NA,nmol/g,78,TRUE,NA,0.084,TRUE,NA,NA,FALSE,NA,NA,FALSE,NA,NA,FALSE,NA,NA,FALSE,NA,NA,FALSE,NA,-7.9,NA,-10.6,NA,NA,NA,NA,NA,NA,NA,NA,NA
Mid-Cayman Rise,NA,NA,Grozeva,2020,﻿Chemical and isotopic analyses of hydrocarbon-bearing fluid inclusions in olivine-rich rocks,NA,NA,ALV 623-3-2,rock crushing,troctolite,NA,nmol/g,72,TRUE,NA,NA,TRUE,NA,NA,FALSE,NA,NA,FALSE,NA,NA,FALSE,NA,NA,FALSE,NA,NA,FALSE,NA,-16.7,NA,NA,NA,NA,NA,NA,NA,NA,NA,NA,NA
Mid-Cayman Rise,NA,NA,Grozeva,2020,﻿Chemical and isotopic analyses of hydrocarbon-bearing fluid inclusions in olivine-rich rocks,NA,NA,ALV 624-3-3,rock crushing,peridotite,NA,nmol/g,4.3,TRUE,NA,0.015,TRUE,NA,NA,FALSE,NA,NA,FALSE,NA,NA,FALSE,NA,NA,FALSE,NA,NA,FALSE,NA,-15.8,NA,NA,NA,NA,NA,NA,NA,NA,NA,NA,NA
Mid-Cayman Rise,NA,NA,Grozeva,2020,﻿Chemical and isotopic analyses of hydrocarbon-bearing fluid inclusions in olivine-rich rocks,NA,NA,ALV 624-6-2,rock crushing,peridotite,NA,nmol/g,9.9,TRUE,NA,0.02,TRUE,NA,NA,FALSE,NA,NA,FALSE,NA,NA,FALSE,NA,NA,FALSE,NA,NA,FALSE,NA,-11.6,NA,NA,NA,NA,NA,NA,NA,NA,NA,NA,NA
Mid-Cayman Rise,Von Damm vent field,East Summit,McDermott et al.,2015,Pathways for abiotic organic synthesis at submarine hydrothermal fields,2012,NA,J2-612-IGT2,vent/well fluid,peridotite,NA,umol/L,2620,TRUE,NA,0.603,TRUE,NA,NA,FALSE,NA,0.052,TRUE,NA,NA,FALSE,NA,NA,FALSE,NA,NA,FALSE,NA,-15.6,NA,-12.9,-9.8,NA,NA,NA,NA,NA,NA,NA,NA
Mid-Cayman Rise,Von Damm vent field,East Summit,McDermott et al.,2015,Pathways for abiotic organic synthesis at submarine hydrothermal fields,2012,NA,J2-616-IGT8,vent/well fluid,peridotite,NA,umol/L,2720,TRUE,NA,NA,FALSE,NA,NA,FALSE,NA,NA,FALSE,NA,NA,FALSE,NA,NA,FALSE,NA,NA,FALSE,NA,-15.3,NA,-12.3,NA,NA,NA,NA,NA,NA,NA,NA,NA
Mid-Cayman Rise,Von Damm vent field,White Castle,McDermott et al.,2015,Pathways for abiotic organic synthesis at submarine hydrothermal fields,2012,NA,J2-616-IGT1,vent/well fluid,peridotite,NA,umol/L,2080,TRUE,NA,0.485,TRUE,NA,NA,FALSE,NA,0.041,TRUE,NA,NA,FALSE,NA,NA,FALSE,NA,NA,FALSE,NA,-15.6,NA,NA,NA,NA,NA,NA,NA,NA,NA,NA,NA
Mid-Cayman Rise,Von Damm vent field,Ginger Castle,McDermott et al.,2015,Pathways for abiotic organic synthesis at submarine hydrothermal fields,2012,NA,J2-617-IGT4,vent/well fluid,peridotite,NA,umol/L,1880,TRUE,NA,NA,FALSE,NA,NA,FALSE,NA,NA,FALSE,NA,NA,FALSE,NA,NA,FALSE,NA,NA,FALSE,NA,-15.8,NA,-13.2,-10.8,NA,NA,NA,NA,NA,NA,NA,NA
Mid-Cayman Rise,Von Damm vent field,Ravelin 1,McDermott et al.,2015,Pathways for abiotic organic synthesis at submarine hydrothermal fields,2012,NA,J2-617-IGT6,vent/well fluid,peridotite,NA,umol/L,2020,TRUE,NA,NA,FALSE,NA,NA,FALSE,NA,NA,FALSE,NA,NA,FALSE,NA,NA,FALSE,NA,NA,FALSE,NA,-15.6,NA,NA,NA,NA,NA,NA,NA,NA,NA,NA,NA
Mid-Cayman Rise,Von Damm vent field,Ravelin 1,McDermott et al.,2015,Pathways for abiotic organic synthesis at submarine hydrothermal fields,2012,NA,J2-617-IGT2,vent/well fluid,peridotite,NA,umol/L,1960,TRUE,NA,0.431,TRUE,NA,NA,FALSE,NA,0.038,TRUE,NA,NA,FALSE,NA,NA,FALSE,NA,NA,FALSE,NA,-15.1,NA,NA,NA,NA,NA,NA,NA,NA,NA,NA,NA
Mid-Cayman Rise,Von Damm vent field,Arrow Loop 1,McDermott et al.,2015,Pathways for abiotic organic synthesis at submarine hydrothermal fields,2012,NA,J2-616-IGT6,vent/well fluid,peridotite,NA,umol/L,1740,TRUE,NA,0.417,TRUE,NA,NA,FALSE,NA,0.036,TRUE,NA,NA,FALSE,NA,NA,FALSE,NA,NA,FALSE,NA,-15.7,NA,-12.5,NA,NA,NA,NA,NA,NA,NA,NA,NA
Mid-Cayman Rise,Von Damm vent field,West Summit,McDermott et al.,2015,Pathways for abiotic organic synthesis at submarine hydrothermal fields,2012,NA,J2-621-IGT1,vent/well fluid,peridotite,NA,umol/L,1640,TRUE,NA,0.359,TRUE,NA,NA,FALSE,NA,0.03,TRUE,NA,NA,FALSE,NA,NA,FALSE,NA,NA,FALSE,NA,-15.6,NA,-12.6,NA,NA,NA,NA,NA,NA,NA,NA,NA
Mid-Cayman Rise,Von Damm vent field,West Summit,McDermott et al.,2015,Pathways for abiotic organic synthesis at submarine hydrothermal fields,2012,NA,J2-621-IGT4,vent/well fluid,peridotite,NA,umol/L,1670,TRUE,NA,0.335,TRUE,NA,NA,FALSE,NA,0.029,TRUE,NA,NA,FALSE,NA,NA,FALSE,NA,NA,FALSE,NA,-15.1,NA,NA,NA,NA,NA,NA,NA,NA,NA,NA,NA
Mid-Cayman Rise,Von Damm vent field,Ravelin 2,McDermott et al.,2015,Pathways for abiotic organic synthesis at submarine hydrothermal fields,2012,NA,J2-621-IGT2,vent/well fluid,peridotite,NA,umol/L,2100,TRUE,NA,0.475,TRUE,NA,NA,FALSE,NA,0.04,TRUE,NA,NA,FALSE,NA,NA,FALSE,NA,NA,FALSE,NA,-15.1,NA,-12.9,-9.7,NA,NA,NA,NA,NA,NA,NA,NA
Mid-Cayman Rise,Von Damm vent field,Ravelin 2,McDermott et al.,2015,Pathways for abiotic organic synthesis at submarine hydrothermal fields,2012,NA,J2-621-IGT8,vent/well fluid,peridotite,NA,umol/L,1730,TRUE,NA,0.365,TRUE,NA,NA,FALSE,NA,0.034,TRUE,NA,NA,FALSE,NA,NA,FALSE,NA,NA,FALSE,NA,-15.4,NA,-12.7,NA,NA,NA,NA,NA,NA,NA,NA,NA
Mid-Cayman Rise,Von Damm vent field,Old Man Tree,McDermott et al.,2015,Pathways for abiotic organic synthesis at submarine hydrothermal fields,2012,NA,J2-612-IGT6,vent/well fluid,peridotite,NA,umol/L,1970,TRUE,NA,NA,FALSE,NA,NA,FALSE,NA,NA,FALSE,NA,NA,FALSE,NA,NA,FALSE,NA,NA,FALSE,NA,-15.2,NA,NA,NA,NA,NA,NA,NA,NA,NA,NA,NA
Mid-Cayman Rise,Von Damm vent field,Old Man Tree,McDermott et al.,2015,Pathways for abiotic organic synthesis at submarine hydrothermal fields,2012,NA,J2-612-IGT8,vent/well fluid,peridotite,NA,umol/L,1920,TRUE,NA,0.455,TRUE,NA,NA,FALSE,NA,0.04,TRUE,NA,NA,FALSE,NA,NA,FALSE,NA,NA,FALSE,NA,-15,NA,-12.6,-11.6,NA,NA,NA,NA,NA,NA,NA,NA
Mid-Cayman Rise,Von Damm vent field,Shrimp Hole,McDermott et al.,2015,Pathways for abiotic organic synthesis at submarine hydrothermal fields,2012,NA,J2-617-IGT1,vent/well fluid,peridotite,NA,umol/L,290,TRUE,NA,0.518,TRUE,NA,NA,FALSE,NA,0.0046,TRUE,NA,NA,FALSE,NA,NA,FALSE,NA,NA,FALSE,NA,-15.1,NA,NA,NA,NA,NA,NA,NA,NA,NA,NA,NA
Kidd Creek,Canada,NA,Sherwood-Lollar et al.,2008,Isotopic signatures of CH4 and higher hydrocarbon gases from Precambrian Shield sites: A model for abiogenic polymerization of hydrocarbons,NA,NA,8558,vent/well fluid,Precambrian Shield,NA,ppmv,742000,TRUE,NA,106000,TRUE,NA,NA,FALSE,NA,19900,TRUE,NA,4200,TRUE,NA,NA,FALSE,NA,1000,TRUE,NA,-32.7,-419,-36.8,-35.3,-34.8,-33.6,NA,NA,NA,NA,NA,NA
Kidd Creek,Canada,NA,Sherwood-Lollar et al.,2008,Isotopic signatures of CH4 and higher hydrocarbon gases from Precambrian Shield sites: A model for abiogenic polymerization of hydrocarbons,NA,NA,8428,vent/well fluid,Precambrian Shield,NA,ppmv,719000,TRUE,NA,103000,TRUE,NA,NA,FALSE,NA,20200,TRUE,NA,4100,TRUE,NA,NA,FALSE,NA,1000,TRUE,NA,-34,-412,-36.4,-34.9,-34.4,-33.1,NA,NA,NA,NA,NA,NA
Kidd Creek,Canada,NA,Sherwood-Lollar et al.,2008,Isotopic signatures of CH4 and higher hydrocarbon gases from Precambrian Shield sites: A model for abiogenic polymerization of hydrocarbons,NA,NA,8282,vent/well fluid,Precambrian Shield,NA,ppmv,693000,TRUE,NA,117000,TRUE,NA,NA,FALSE,NA,24200,TRUE,NA,5700,TRUE,NA,NA,FALSE,NA,1400,TRUE,NA,-32,-409,-38.3,-35.9,-35.6,-34.3,NA,NA,NA,NA,NA,NA
Kidd Creek,Canada,NA,Sherwood-Lollar et al.,2008,Isotopic signatures of CH4 and higher hydrocarbon gases from Precambrian Shield sites: A model for abiogenic polymerization of hydrocarbons,NA,NA,8402,vent/well fluid,Precambrian Shield,NA,ppmv,694000,TRUE,NA,94400,TRUE,NA,NA,FALSE,NA,17000,TRUE,NA,3800,TRUE,NA,NA,FALSE,NA,900,TRUE,NA,-34.9,-406,-38.1,-36.8,-36,-34.3,NA,NA,NA,NA,NA,NA
Kidd Creek,Canada,NA,Sherwood-Lollar et al.,2008,Isotopic signatures of CH4 and higher hydrocarbon gases from Precambrian Shield sites: A model for abiogenic polymerization of hydrocarbons,NA,NA,8539,vent/well fluid,Precambrian Shield,NA,ppmv,722000,TRUE,NA,99300,TRUE,NA,NA,FALSE,NA,18800,TRUE,NA,4100,TRUE,NA,NA,FALSE,NA,900,TRUE,NA,-34,-417,-37.2,-36.1,-35.6,-33.9,NA,NA,NA,NA,NA,NA
Philippines,Luzon,﻿Mangatarem,Vacquand et al.,2018,Reduced gas seepages in ophiolitic complexes: Evidences for multiple origins of the H2-CH4-N2gas mixtures,NA,N2-H2-CH4,NA,vent/well fluid,NA,NA,ppmv,1.67E+05,TRUE,1.00E+02,NA,TRUE,100,NA,FALSE,NA,NA,TRUE,NA,NA,FALSE,NA,NA,FALSE,NA,NA,FALSE,NA,-13.3,-395,NA,NA,NA,NA,NA,NA,NA,NA,NA,NA
Philippines,Luzon,Nagsasa,Vacquand et al.,2018,Reduced gas seepages in ophiolitic complexes: Evidences for multiple origins of the H2-CH4-N2gas mixtures,NA,H2-CH4,NA,vent/well fluid,NA,NA,ppmv,3.87E+05,TRUE,1.00E+02,NA,TRUE,100,NA,FALSE,NA,NA,TRUE,NA,NA,FALSE,NA,NA,FALSE,NA,NA,FALSE,NA,-5.6,-163,NA,NA,NA,NA,NA,NA,NA,NA,NA,NA
Philippines,Luzon,Los Fuegos Eternos,Vacquand et al.,2018,Reduced gas seepages in ophiolitic complexes: Evidences for multiple origins of the H2-CH4-N2gas mixtures,NA,H2-rich,NA,vent/well fluid,NA,NA,ppmv,5.22E+05,TRUE,1.00E+02,NA,TRUE,100,NA,FALSE,NA,NA,TRUE,NA,NA,FALSE,NA,NA,FALSE,NA,NA,FALSE,NA,-6.5,-175,NA,NA,NA,NA,NA,NA,NA,NA,NA,NA
Oman/UAE,Oman,Magniyat,Vacquand et al.,2018,Reduced gas seepages in ophiolitic complexes: Evidences for multiple origins of the H2-CH4-N2gas mixtures,NA,H2-rich,NA,vent/well fluid,NA,NA,ppmv,2.90E+04,TRUE,1.00E+02,NA,TRUE,100,NA,FALSE,NA,NA,TRUE,NA,NA,FALSE,NA,NA,FALSE,NA,NA,FALSE,NA,-12.8,NA,NA,NA,NA,NA,NA,NA,NA,NA,NA,NA
Oman/UAE,Oman,Hawasina,Vacquand et al.,2018,Reduced gas seepages in ophiolitic complexes: Evidences for multiple origins of the H2-CH4-N2gas mixtures,NA,H2-rich,NA,vent/well fluid,NA,NA,ppmv,4.60E+04,TRUE,1.00E+02,NA,TRUE,100,NA,FALSE,NA,NA,TRUE,NA,NA,FALSE,NA,NA,FALSE,NA,NA,FALSE,NA,-6.2,-242,NA,NA,NA,NA,NA,NA,NA,NA,NA,NA
Oman/UAE,Oman,Bahla,Vacquand et al.,2018,Reduced gas seepages in ophiolitic complexes: Evidences for multiple origins of the H2-CH4-N2gas mixtures,2008,H2-rich,NA,vent/well fluid,NA,NA,ppmv,1.90E+04,TRUE,1.00E+02,NA,TRUE,100,NA,FALSE,NA,NA,TRUE,NA,NA,FALSE,NA,NA,FALSE,NA,NA,FALSE,NA,-10.1,-235,NA,NA,NA,NA,NA,NA,NA,NA,NA,NA
Oman/UAE,Oman,Bahla,Vacquand et al.,2018,Reduced gas seepages in ophiolitic complexes: Evidences for multiple origins of the H2-CH4-N2gas mixtures,2010,H2-rich,NA,vent/well fluid,NA,NA,ppmv,NA,FALSE,1.00E+02,NA,FALSE,100,NA,FALSE,NA,NA,FALSE,NA,NA,FALSE,NA,NA,FALSE,NA,NA,FALSE,NA,NA,-234,NA,NA,NA,NA,NA,NA,NA,NA,NA,NA
Oman/UAE,Oman,Bahla,Vacquand et al.,2018,Reduced gas seepages in ophiolitic complexes: Evidences for multiple origins of the H2-CH4-N2gas mixtures,2012,H2-rich,NA,vent/well fluid,NA,NA,ppmv,2.20E+04,TRUE,1.00E+02,200,TRUE,100,NA,FALSE,NA,NA,TRUE,NA,NA,FALSE,NA,NA,FALSE,NA,NA,FALSE,NA,NA,-413,NA,NA,NA,NA,NA,NA,NA,NA,NA,NA
Oman/UAE,Oman,Kufeis,Vacquand et al.,2018,Reduced gas seepages in ophiolitic complexes: Evidences for multiple origins of the H2-CH4-N2gas mixtures,NA,H2-rich,NA,vent/well fluid,NA,NA,ppmv,1.00E+03,TRUE,1.00E+02,NA,TRUE,100,NA,FALSE,NA,NA,TRUE,NA,NA,FALSE,NA,NA,FALSE,NA,NA,FALSE,NA,-7.3,-428,NA,NA,NA,NA,NA,NA,NA,NA,NA,NA
Oman/UAE,Oman,Haylayn,Vacquand et al.,2018,Reduced gas seepages in ophiolitic complexes: Evidences for multiple origins of the H2-CH4-N2gas mixtures,2010,H2-rich,NA,vent/well fluid,NA,NA,ppmv,8.80E+04,TRUE,1.00E+02,NA,TRUE,100,NA,FALSE,NA,NA,TRUE,NA,NA,FALSE,NA,NA,FALSE,NA,NA,FALSE,NA,4,-303,NA,NA,NA,NA,NA,NA,NA,NA,NA,NA
Oman/UAE,Oman,Haylayn,Vacquand et al.,2018,Reduced gas seepages in ophiolitic complexes: Evidences for multiple origins of the H2-CH4-N2gas mixtures,2012,H2-rich,2a,vent/well fluid,NA,NA,ppmv,9.60E+04,TRUE,1.00E+02,NA,TRUE,100,NA,FALSE,NA,NA,TRUE,NA,NA,FALSE,NA,NA,FALSE,NA,NA,FALSE,NA,3.9,-360,NA,NA,NA,NA,NA,NA,NA,NA,NA,NA
Oman/UAE,Oman,Haylayn,Vacquand et al.,2018,Reduced gas seepages in ophiolitic complexes: Evidences for multiple origins of the H2-CH4-N2gas mixtures,2012,H2-rich,2b,vent/well fluid,NA,NA,ppmv,NA,FALSE,1.00E+02,NA,FALSE,100,NA,FALSE,NA,NA,FALSE,NA,NA,FALSE,NA,NA,FALSE,NA,NA,FALSE,NA,NA,NA,NA,NA,NA,NA,NA,NA,NA,NA,NA,NA
Oman/UAE,Oman,Haylayn,Vacquand et al.,2018,Reduced gas seepages in ophiolitic complexes: Evidences for multiple origins of the H2-CH4-N2gas mixtures,2012,H2-rich,6,vent/well fluid,NA,NA,ppmv,4.00E+04,TRUE,1.00E+02,500,TRUE,100,NA,FALSE,NA,NA,TRUE,NA,NA,FALSE,NA,NA,FALSE,NA,NA,FALSE,NA,NA,-404,NA,NA,NA,NA,NA,NA,NA,NA,NA,NA
Oman/UAE,Oman,Haylayn,Vacquand et al.,2018,Reduced gas seepages in ophiolitic complexes: Evidences for multiple origins of the H2-CH4-N2gas mixtures,2012,H2-rich,8,vent/well fluid,NA,NA,ppmv,4.60E+04,TRUE,1.00E+02,100,TRUE,100,NA,FALSE,NA,NA,TRUE,NA,NA,FALSE,NA,NA,FALSE,NA,NA,FALSE,NA,NA,-391,NA,NA,NA,NA,NA,NA,NA,NA,NA,NA
Oman/UAE,Oman,Barrage (Jizzi),Vacquand et al.,2018,Reduced gas seepages in ophiolitic complexes: Evidences for multiple origins of the H2-CH4-N2gas mixtures,NA,H2-rich,NA,vent/well fluid,NA,NA,ppmv,1.00E+05,TRUE,1.00E+02,NA,TRUE,100,NA,FALSE,NA,NA,TRUE,NA,NA,FALSE,NA,NA,FALSE,NA,NA,FALSE,NA,-9.9,-319,NA,NA,NA,NA,NA,NA,NA,NA,NA,NA
Oman/UAE,Oman,Halhal,Vacquand et al.,2018,Reduced gas seepages in ophiolitic complexes: Evidences for multiple origins of the H2-CH4-N2gas mixtures,NA,H2-rich,NA,vent/well fluid,NA,NA,ppmv,5.80E+04,TRUE,1.00E+02,NA,TRUE,100,NA,FALSE,NA,NA,TRUE,NA,NA,FALSE,NA,NA,FALSE,NA,NA,FALSE,NA,-4.3,-347,NA,NA,NA,NA,NA,NA,NA,NA,NA,NA
Oman/UAE,Oman,Alkar,Vacquand et al.,2018,Reduced gas seepages in ophiolitic complexes: Evidences for multiple origins of the H2-CH4-N2gas mixtures,NA,H2-rich,NA,vent/well fluid,NA,NA,ppmv,3.30E+04,TRUE,1.00E+02,NA,TRUE,100,NA,FALSE,NA,NA,TRUE,NA,NA,FALSE,NA,NA,FALSE,NA,NA,FALSE,NA,-5.8,-392,NA,NA,NA,NA,NA,NA,NA,NA,NA,NA
Oman/UAE,Oman,Huqain,Vacquand et al.,2018,Reduced gas seepages in ophiolitic complexes: Evidences for multiple origins of the H2-CH4-N2gas mixtures,NA,H2-rich,NA,vent/well fluid,NA,NA,ppmv,2.50E+04,TRUE,1.00E+02,NA,TRUE,100,NA,FALSE,NA,NA,TRUE,NA,NA,FALSE,NA,NA,FALSE,NA,NA,FALSE,NA,-5.6,-313,NA,NA,NA,NA,NA,NA,NA,NA,NA,NA
Oman/UAE,Oman,Lauriers Roses,Vacquand et al.,2018,Reduced gas seepages in ophiolitic complexes: Evidences for multiple origins of the H2-CH4-N2gas mixtures,NA,H2-rich,NA,vent/well fluid,NA,NA,ppmv,1.54E+05,TRUE,1.00E+02,NA,TRUE,100,NA,FALSE,NA,NA,TRUE,NA,NA,FALSE,NA,NA,FALSE,NA,NA,FALSE,NA,7.9,-279,NA,NA,NA,NA,NA,NA,NA,NA,NA,NA
Oman/UAE,Oman,﻿Abyiad,Vacquand et al.,2018,Reduced gas seepages in ophiolitic complexes: Evidences for multiple origins of the H2-CH4-N2gas mixtures,NA,N2-H2-CH4,NA,vent/well fluid,NA,NA,ppmv,1.59E+05,TRUE,1.00E+02,100,TRUE,100,NA,FALSE,NA,NA,TRUE,NA,NA,FALSE,NA,NA,FALSE,NA,NA,FALSE,NA,-0.3,-305,NA,NA,NA,NA,NA,NA,NA,NA,NA,NA
Oman/UAE,Oman,﻿Abyiad,Vacquand et al.,2018,Reduced gas seepages in ophiolitic complexes: Evidences for multiple origins of the H2-CH4-N2gas mixtures,NA,N2-H2-CH4,29,vent/well fluid,NA,NA,ppmv,5.70E+04,TRUE,1.00E+02,100,TRUE,100,NA,FALSE,NA,NA,TRUE,NA,NA,FALSE,NA,NA,FALSE,NA,NA,FALSE,NA,NA,-339,NA,NA,NA,NA,NA,NA,NA,NA,NA,NA
Oman/UAE,Oman,﻿Abyiad,Vacquand et al.,2018,Reduced gas seepages in ophiolitic complexes: Evidences for multiple origins of the H2-CH4-N2gas mixtures,NA,N2-H2-CH4,30,vent/well fluid,NA,NA,ppmv,8.70E+04,TRUE,1.00E+02,NA,TRUE,100,NA,FALSE,NA,NA,TRUE,NA,NA,FALSE,NA,NA,FALSE,NA,NA,FALSE,NA,NA,-324,NA,NA,NA,NA,NA,NA,NA,NA,NA,NA
Oman/UAE,Oman,Al Ali,Vacquand et al.,2018,Reduced gas seepages in ophiolitic complexes: Evidences for multiple origins of the H2-CH4-N2gas mixtures,NA,N2-rich,NA,vent/well fluid,NA,NA,ppmv,2.00E+03,TRUE,1.00E+02,1000,TRUE,100,NA,FALSE,NA,NA,TRUE,NA,NA,FALSE,NA,NA,FALSE,NA,NA,FALSE,NA,NA,-215,NA,NA,NA,NA,NA,NA,NA,NA,NA,NA
Oman/UAE,Oman,Rustaq,Vacquand et al.,2018,Reduced gas seepages in ophiolitic complexes: Evidences for multiple origins of the H2-CH4-N2gas mixtures,NA,N2-rich,NA,vent/well fluid,NA,NA,ppmv,NA,TRUE,1.00E+02,NA,TRUE,100,NA,FALSE,NA,NA,TRUE,NA,NA,FALSE,NA,NA,FALSE,NA,NA,FALSE,NA,NA,NA,NA,NA,NA,NA,NA,NA,NA,NA,NA,NA
Oman/UAE,Oman,Nakhal,Vacquand et al.,2018,Reduced gas seepages in ophiolitic complexes: Evidences for multiple origins of the H2-CH4-N2gas mixtures,NA,N2-rich,NA,vent/well fluid,NA,NA,ppmv,NA,TRUE,1.00E+02,NA,TRUE,100,NA,FALSE,NA,NA,TRUE,NA,NA,FALSE,NA,NA,FALSE,NA,NA,FALSE,NA,NA,NA,NA,NA,NA,NA,NA,NA,NA,NA,NA,NA
Mid-Cayman Rise,Von Damm vent field,Old Man Tree,Wang et al.,2018,Clumped isotopologue constraints on the origin of methane at seafloor hot springs,2012,NA,﻿J2-612-IGT6/-IGT8,vent/well fluid,peridotite,NA,NA,NA,FALSE,NA,NA,FALSE,NA,NA,FALSE,NA,NA,FALSE,NA,NA,FALSE,NA,NA,FALSE,NA,NA,FALSE,NA,-16.2,-107.4,NA,NA,NA,NA,1.71,0.35,NA,NA,0,0
Mid-Cayman Rise,Von Damm vent field,Ravelin 1,Wang et al.,2018,Clumped isotopologue constraints on the origin of methane at seafloor hot springs,2012,NA,﻿J2-617-IGT6,vent/well fluid,peridotite,NA,NA,NA,FALSE,NA,NA,FALSE,NA,NA,FALSE,NA,NA,FALSE,NA,NA,FALSE,NA,NA,FALSE,NA,NA,FALSE,NA,-16.4,-106.6,NA,NA,NA,NA,1.56,0.6,NA,NA,0,0
Mid-Cayman Rise,Von Damm vent field,East Summit,Wang et al.,2018,Clumped isotopologue constraints on the origin of methane at seafloor hot springs,2012,NA,﻿J2-612-IGT2,vent/well fluid,peridotite,NA,NA,NA,FALSE,NA,NA,FALSE,NA,NA,FALSE,NA,NA,FALSE,NA,NA,FALSE,NA,NA,FALSE,NA,NA,FALSE,NA,-16.4,-106.5,NA,NA,NA,NA,1.35,0.6,NA,NA,0,0
Sabatier reaction 70˚C to 90˚C,NA,NA,Young et al.,2017,The relative abundances of resolved 12CH2D2 and 13CH3D and mechanisms controlling isotopic bond ordering in abiotic and biotic methane gases,NA,NA,70˚C,laboratory synthesis,RuO2 on Al2O3,NA,NA,NA,FALSE,NA,NA,FALSE,NA,NA,FALSE,NA,NA,FALSE,NA,NA,FALSE,NA,NA,FALSE,NA,NA,FALSE,NA,-37.393,-417.8,NA,NA,NA,NA,3.08,0.17,-53.69,0.54,NA,NA
Sabatier reaction 70˚C to 90˚C,NA,NA,Young et al.,2017,The relative abundances of resolved 12CH2D2 and 13CH3D and mechanisms controlling isotopic bond ordering in abiotic and biotic methane gases,NA,NA,90˚C,laboratory synthesis,RuO2 on Al2O3,NA,NA,NA,FALSE,NA,NA,FALSE,NA,NA,FALSE,NA,NA,FALSE,NA,NA,FALSE,NA,NA,FALSE,NA,NA,FALSE,NA,-43.095,-434.02,NA,NA,NA,NA,4.2,0.52,-55.86,2.01,NA,NA
Kidd Creek,Canada,NA,Young et al.,2017,The relative abundances of resolved 12CH2D2 and 13CH3D and mechanisms controlling isotopic bond ordering in abiotic and biotic methane gases,NA,NA,7850 12287A 19.09.2013,vent/well fluid,Precambrian Shield,NA,NA,NA,FALSE,NA,NA,FALSE,NA,NA,FALSE,NA,NA,FALSE,NA,NA,FALSE,NA,NA,FALSE,NA,NA,FALSE,NA,-41.404,-389.52,NA,NA,NA,NA,5.34,0.11,14.86,0.29,-35.68,NA
Kidd Creek,Canada,NA,Young et al.,2017,The relative abundances of resolved 12CH2D2 and 13CH3D and mechanisms controlling isotopic bond ordering in abiotic and biotic methane gases,NA,NA,7850 12299 02.04.2014,vent/well fluid,Precambrian Shield,NA,NA,NA,FALSE,NA,NA,FALSE,NA,NA,FALSE,NA,NA,FALSE,NA,NA,FALSE,NA,NA,FALSE,NA,NA,FALSE,NA,-39.644,-391.46,NA,NA,NA,NA,5.75,0.1,17.98,0.27,-34.42,NA
Kidd Creek,Canada,NA,Young et al.,2017,The relative abundances of resolved 12CH2D2 and 13CH3D and mechanisms controlling isotopic bond ordering in abiotic and biotic methane gases,NA,NA,7850 12261.22.10.2015,vent/well fluid,Precambrian Shield,NA,NA,NA,FALSE,NA,NA,FALSE,NA,NA,FALSE,NA,NA,FALSE,NA,NA,FALSE,NA,NA,FALSE,NA,NA,FALSE,NA,-38.735,-411.67,NA,NA,NA,NA,5.81,0.08,16.39,0.3,-33.43,NA
Kidd Creek,Canada,NA,Young et al.,2017,The relative abundances of resolved 12CH2D2 and 13CH3D and mechanisms controlling isotopic bond ordering in abiotic and biotic methane gases,NA,NA,7850 12287A 02.04.2014,vent/well fluid,Precambrian Shield,NA,NA,NA,FALSE,NA,NA,FALSE,NA,NA,FALSE,NA,NA,FALSE,NA,NA,FALSE,NA,NA,FALSE,NA,NA,FALSE,NA,-41.858,-391.54,NA,NA,NA,NA,5.03,0.12,14.03,0.32,NA,NA
Kidd Creek,Canada,NA,Young et al.,2017,The relative abundances of resolved 12CH2D2 and 13CH3D and mechanisms controlling isotopic bond ordering in abiotic and biotic methane gases,NA,NA,9500 13762 14.06.2012,vent/well fluid,Precambrian Shield,NA,NA,NA,FALSE,NA,NA,FALSE,NA,NA,FALSE,NA,NA,FALSE,NA,NA,FALSE,NA,NA,FALSE,NA,NA,FALSE,NA,-32.598,-422.25,NA,NA,NA,NA,5.58,0.08,-6.27,0.25,-29.31,NA
Kidd Creek,Canada,NA,Young et al.,2017,The relative abundances of resolved 12CH2D2 and 13CH3D and mechanisms controlling isotopic bond ordering in abiotic and biotic methane gases,NA,NA,9500 13684 14.06.2012,vent/well fluid,Precambrian Shield,NA,NA,NA,FALSE,NA,NA,FALSE,NA,NA,FALSE,NA,NA,FALSE,NA,NA,FALSE,NA,NA,FALSE,NA,NA,FALSE,NA,-32.147,-429.34,NA,NA,NA,NA,5.76,0.09,-9.91,0.24,-30.89,NA
Kidd Creek,Canada,NA,Young et al.,2017,The relative abundances of resolved 12CH2D2 and 13CH3D and mechanisms controlling isotopic bond ordering in abiotic and biotic methane gases,NA,NA,9500 13762 16.01.2013,vent/well fluid,Precambrian Shield,NA,NA,NA,FALSE,NA,NA,FALSE,NA,NA,FALSE,NA,NA,FALSE,NA,NA,FALSE,NA,NA,FALSE,NA,NA,FALSE,NA,-35.919,-421.25,NA,NA,NA,NA,6,0.07,5.25,0.29,-77.28,NA
Kidd Creek,Canada,NA,Young et al.,2017,The relative abundances of resolved 12CH2D2 and 13CH3D and mechanisms controlling isotopic bond ordering in abiotic and biotic methane gases,NA,NA,9500 BH2 28.11.2012,vent/well fluid,Precambrian Shield,NA,NA,NA,FALSE,NA,NA,FALSE,NA,NA,FALSE,NA,NA,FALSE,NA,NA,FALSE,NA,NA,FALSE,NA,NA,FALSE,NA,-32.709,-420.75,NA,NA,NA,NA,5.19,0.13,-6.34,0.31,NA,NA
Kidd Creek,Canada,NA,Young et al.,2017,The relative abundances of resolved 12CH2D2 and 13CH3D and mechanisms controlling isotopic bond ordering in abiotic and biotic methane gases,NA,NA,9500 13762 16.01.2013 (2),vent/well fluid,Precambrian Shield,NA,NA,NA,FALSE,NA,NA,FALSE,NA,NA,FALSE,NA,NA,FALSE,NA,NA,FALSE,NA,NA,FALSE,NA,NA,FALSE,NA,-34.3,-419.85,NA,NA,NA,NA,5.37,0.11,4.05,0.33,NA,NA
Kidd Creek,Canada,NA,Young et al.,2017,The relative abundances of resolved 12CH2D2 and 13CH3D and mechanisms controlling isotopic bond ordering in abiotic and biotic methane gases,NA,NA,9500 BH2 16.01.2013,vent/well fluid,Precambrian Shield,NA,NA,NA,FALSE,NA,NA,FALSE,NA,NA,FALSE,NA,NA,FALSE,NA,NA,FALSE,NA,NA,FALSE,NA,NA,FALSE,NA,-31.787,-420.01,NA,NA,NA,NA,5.26,0.12,-8.45,0.31,-28.37,NA
Kidd Creek,Canada,NA,Wang et al.,2015,﻿Nonequilibrium clumped isotope signals in microbial methane,NA,NA,14.06.2012.KC.L9500_BHY13762_Gas D,vent/well fluid,Precambrian Shield,NA,NA,NA,FALSE,NA,NA,FALSE,NA,NA,FALSE,NA,NA,FALSE,NA,NA,FALSE,NA,NA,FALSE,NA,NA,FALSE,NA,-32.66,-420.74,NA,NA,NA,NA,4.38,0.8,NA,NA,-34,NA
Kidd Creek,Canada,NA,Wang et al.,2015,﻿Nonequilibrium clumped isotope signals in microbial methane,NA,NA,29.11.2012.KC.L9500_BH2_Gas C,vent/well fluid,Precambrian Shield,NA,NA,NA,FALSE,NA,NA,FALSE,NA,NA,FALSE,NA,NA,FALSE,NA,NA,FALSE,NA,NA,FALSE,NA,NA,FALSE,NA,-32.28,-419.74,NA,NA,NA,NA,4.07,0.29,NA,NA,-34,NA
Kidd Creek,Canada,NA,Wang et al.,2015,﻿Nonequilibrium clumped isotope signals in microbial methane,NA,NA,KC_12.02.2008_7850L_BH12299(E),vent/well fluid,Precambrian Shield,NA,NA,NA,FALSE,NA,NA,FALSE,NA,NA,FALSE,NA,NA,FALSE,NA,NA,FALSE,NA,NA,FALSE,NA,NA,FALSE,NA,-39.11,-397.33,NA,NA,NA,NA,4.51,0.25,NA,NA,-34,NA
Kidd Creek,Canada,NA,Wang et al.,2015,﻿Nonequilibrium clumped isotope signals in microbial methane,NA,NA,KC_12.01.2010_7850L_BH12299(F),vent/well fluid,Precambrian Shield,NA,NA,NA,FALSE,NA,NA,FALSE,NA,NA,FALSE,NA,NA,FALSE,NA,NA,FALSE,NA,NA,FALSE,NA,NA,FALSE,NA,-39.73,-397.39,NA,NA,NA,NA,4.34,0.52,NA,NA,-34,NA
Kidd Creek,Canada,NA,Wang et al.,2015,﻿Nonequilibrium clumped isotope signals in microbial methane,NA,NA,KC_01.03.2012_7850L_BH12299(F),vent/well fluid,Precambrian Shield,NA,NA,NA,FALSE,NA,NA,FALSE,NA,NA,FALSE,NA,NA,FALSE,NA,NA,FALSE,NA,NA,FALSE,NA,NA,FALSE,NA,-40.19,-394.98,NA,NA,NA,NA,4.11,0.37,NA,NA,-34,NA
Kidd Creek,Canada,NA,Wang et al.,2015,﻿Nonequilibrium clumped isotope signals in microbial methane,NA,NA,02.04.2014_KC_7850L_BH12299(C),vent/well fluid,Precambrian Shield,NA,NA,NA,FALSE,NA,NA,FALSE,NA,NA,FALSE,NA,NA,FALSE,NA,NA,FALSE,NA,NA,FALSE,NA,NA,FALSE,NA,-39.72,-390.12,NA,NA,NA,NA,4.47,0.22,NA,NA,-34,NA
Kidd Creek,Canada,NA,Wang et al.,2015,﻿Nonequilibrium clumped isotope signals in microbial methane,NA,NA,02.04.2014_KC_7850L_BH12299(D),vent/well fluid,Precambrian Shield,NA,NA,NA,FALSE,NA,NA,FALSE,NA,NA,FALSE,NA,NA,FALSE,NA,NA,FALSE,NA,NA,FALSE,NA,NA,FALSE,NA,-39.72,-390.12,NA,NA,NA,NA,4.07,0.26,NA,NA,-34,NA
Kidd Creek,Canada,NA,Wang et al.,2015,﻿Nonequilibrium clumped isotope signals in microbial methane,NA,NA,KC_27.08.2007_7850L_BH12287A(C),vent/well fluid,Precambrian Shield,NA,NA,NA,FALSE,NA,NA,FALSE,NA,NA,FALSE,NA,NA,FALSE,NA,NA,FALSE,NA,NA,FALSE,NA,NA,FALSE,NA,-40.64,-386.48,NA,NA,NA,NA,4.36,0.22,NA,NA,-34,NA
Kidd Creek,Canada,NA,Wang et al.,2015,﻿Nonequilibrium clumped isotope signals in microbial methane,NA,NA,KC_20.06.2008_7850L_BH12287A(D),vent/well fluid,Precambrian Shield,NA,NA,NA,FALSE,NA,NA,FALSE,NA,NA,FALSE,NA,NA,FALSE,NA,NA,FALSE,NA,NA,FALSE,NA,NA,FALSE,NA,-40.25,-395.07,NA,NA,NA,NA,4.23,0.3,NA,NA,-34,NA
Kidd Creek,Canada,NA,Wang et al.,2015,﻿Nonequilibrium clumped isotope signals in microbial methane,NA,NA,KC_20.09.2013_7850L_BH12287A(B),vent/well fluid,Precambrian Shield,NA,NA,NA,FALSE,NA,NA,FALSE,NA,NA,FALSE,NA,NA,FALSE,NA,NA,FALSE,NA,NA,FALSE,NA,NA,FALSE,NA,-41.44,-388.32,NA,NA,NA,NA,4.87,0.32,NA,NA,-34,NA
Mid-Cayman Rise,Von Damm vent field,East Summit,Labidi et al,2020,﻿Methane thermometry in deep-sea hydrothermal systems: Evidence for re-ordering of doubly-substituted isotopologues during fluid cooling,2012,NA,﻿J2-612-IGT2,vent/well fluid,peridotite,NA,NA,NA,FALSE,NA,NA,FALSE,NA,NA,FALSE,NA,NA,FALSE,NA,NA,FALSE,NA,NA,FALSE,NA,NA,FALSE,NA,-16.5,-113.08,NA,NA,NA,NA,1.7,0.4,4.5,1.8,0,0
Mid-Cayman Rise,Von Damm vent field,East Summit,Labidi et al,2020,﻿Methane thermometry in deep-sea hydrothermal systems: Evidence for re-ordering of doubly-substituted isotopologues during fluid cooling,2012,NA,﻿J2-612-IGT6,vent/well fluid,peridotite,NA,NA,NA,FALSE,NA,NA,FALSE,NA,NA,FALSE,NA,NA,FALSE,NA,NA,FALSE,NA,NA,FALSE,NA,NA,FALSE,NA,-15.72,-107.26,NA,NA,NA,NA,1.4,0.3,4.4,1,0,0
Lost City,Lost City,Beehive,Labidi et al,2020,﻿Methane thermometry in deep-sea hydrothermal systems: Evidence for re-ordering of doubly-substituted isotopologues during fluid cooling,2012,NA,J2-361-IGT5,vent/well fluid,peridotite,NA,NA,NA,FALSE,NA,NA,FALSE,NA,NA,FALSE,NA,NA,FALSE,NA,NA,FALSE,NA,NA,FALSE,NA,NA,FALSE,NA,-10.8,-127.11,NA,NA,NA,NA,1.9,0.2,10.7,0.9,0,0
Lost City,Lost City,Beehive,Labidi et al,2020,﻿Methane thermometry in deep-sea hydrothermal systems: Evidence for re-ordering of doubly-substituted isotopologues during fluid cooling,2012,NA,H06_GT_15/16,vent/well fluid,peridotite,NA,NA,NA,FALSE,NA,NA,FALSE,NA,NA,FALSE,NA,NA,FALSE,NA,NA,FALSE,NA,NA,FALSE,NA,NA,FALSE,NA,-10.84,-127.84,NA,NA,NA,NA,1.9,0.2,11.6,0.5,0,0
Lost City,Lost City,Marker 2,Labidi et al,2020,﻿Methane thermometry in deep-sea hydrothermal systems: Evidence for re-ordering of doubly-substituted isotopologues during fluid cooling,2012,NA,j1107 GT,vent/well fluid,peridotite,NA,NA,NA,FALSE,NA,NA,FALSE,NA,NA,FALSE,NA,NA,FALSE,NA,NA,FALSE,NA,NA,FALSE,NA,NA,FALSE,NA,-9.62,-143.31,NA,NA,NA,NA,3,0.2,14.5,1,0,0
Lost City,Lost City,Marker 2,Labidi et al,2020,﻿Methane thermometry in deep-sea hydrothermal systems: Evidence for re-ordering of doubly-substituted isotopologues during fluid cooling,2012,NA,J1111 titan,vent/well fluid,peridotite,NA,NA,NA,FALSE,NA,NA,FALSE,NA,NA,FALSE,NA,NA,FALSE,NA,NA,FALSE,NA,NA,FALSE,NA,NA,FALSE,NA,-7.58,-129.7,NA,NA,NA,NA,2.3,0.2,13.8,0.6,0,0
Lost City,Lost City,Marker c,Labidi et al,2020,﻿Methane thermometry in deep-sea hydrothermal systems: Evidence for re-ordering of doubly-substituted isotopologues during fluid cooling,2012,NA,j1110 titan,vent/well fluid,peridotite,NA,NA,NA,FALSE,NA,NA,FALSE,NA,NA,FALSE,NA,NA,FALSE,NA,NA,FALSE,NA,NA,FALSE,NA,NA,FALSE,NA,-10.61,-130.19,NA,NA,NA,NA,2.3,0.2,11.3,0.8,0,0
Lost City,Lost City,Marker c,Labidi et al,2020,﻿Methane thermometry in deep-sea hydrothermal systems: Evidence for re-ordering of doubly-substituted isotopologues during fluid cooling,2012,NA,j1110 GT,vent/well fluid,peridotite,NA,NA,NA,FALSE,NA,NA,FALSE,NA,NA,FALSE,NA,NA,FALSE,NA,NA,FALSE,NA,NA,FALSE,NA,NA,FALSE,NA,-10.97,-100.72,NA,NA,NA,NA,2,0.2,12.3,1.4,0,0
Lost City,NA,H,Proskurowski et al.,2008,Abiogenic hydrocarbon production at lost city hydrothermal field,2008,NA,3877-GT10,vent/well fluid,peridotite,NA,umol/kg,1.32E+03,TRUE,2.00E-03,1.04E+00,TRUE,2.00E-03,1.30E-02,TRUE,2.00E-03,9.80E-02,TRUE,2.00E-03,2.90E-02,TRUE,2.00E-03,1.00E-03,TRUE,2.00E-03,NA,FALSE,NA,,,,,,,,,,,,
Lost City,NA,H,Proskurowski et al.,2008,Abiogenic hydrocarbon production at lost city hydrothermal field,2008,NA,3877-GT9,vent/well fluid,peridotite,NA,umol/kg,1.38E+03,TRUE,2.00E-03,1.23E+00,TRUE,2.00E-03,1.80E-02,TRUE,2.00E-03,1.00E-01,TRUE,2.00E-03,1.70E-02,TRUE,2.00E-03,2.00E-03,TRUE,2.00E-03,NA,FALSE,NA,,,,,,,,,,,,
Lost City,NA,H,Proskurowski et al.,2008,Abiogenic hydrocarbon production at lost city hydrothermal field,2008,NA,3881-GT10,vent/well fluid,peridotite,NA,umol/kg,1.34E+03,TRUE,2.00E-03,1.24E+00,TRUE,2.00E-03,7.00E-03,TRUE,2.00E-03,1.10E-01,TRUE,2.00E-03,5.00E-03,TRUE,2.00E-03,1.20E-02,TRUE,2.00E-03,NA,FALSE,NA,-13.2,NA,-14.3,NA,NA,NA,NA,NA,NA,NA,0,0
Lost City,NA,H,Proskurowski et al.,2008,Abiogenic hydrocarbon production at lost city hydrothermal field,2008,NA,3879-GT7,vent/well fluid,peridotite,NA,umol/kg,1.06E+03,TRUE,2.00E-03,9.10E-01,TRUE,2.00E-03,7.00E-03,TRUE,2.00E-03,8.70E-02,TRUE,2.00E-03,1.20E-02,TRUE,2.00E-03,7.00E-03,TRUE,2.00E-03,NA,FALSE,NA,,,,,,,,,,,,
Lost City,NA,H,Proskurowski et al.,2008,Abiogenic hydrocarbon production at lost city hydrothermal field,2008,NA,3879-GT10,vent/well fluid,peridotite,NA,umol/kg,1.44E+03,TRUE,2.00E-03,1.22E+00,TRUE,2.00E-03,1.00E-03,TRUE,2.00E-03,1.00E-01,TRUE,2.00E-03,1.00E-02,TRUE,2.00E-03,9.00E-03,TRUE,2.00E-03,NA,FALSE,NA,-13.6,NA,-14.9,NA,NA,NA,NA,NA,NA,NA,0,0
Lost City,NA,H,Proskurowski et al.,2008,Abiogenic hydrocarbon production at lost city hydrothermal field,2008,NA,3880-GT7,vent/well fluid,peridotite,NA,umol/kg,1.70E+03,TRUE,2.00E-03,1.37E+00,TRUE,2.00E-03,1.40E-02,TRUE,2.00E-03,1.30E-01,TRUE,2.00E-03,NA,TRUE,2.00E-03,1.00E-03,TRUE,2.00E-03,NA,FALSE,NA,,,,,,,,,,,,
Lost City,NA,H,Proskurowski et al.,2008,Abiogenic hydrocarbon production at lost city hydrothermal field,2008,NA,H04-IGT8,vent/well fluid,peridotite,NA,umol/kg,1.39E+03,TRUE,2.00E-03,1.23E+00,TRUE,2.00E-03,NA,FALSE,2.00E-03,1.07E-01,TRUE,2.00E-03,8.00E-03,TRUE,2.00E-03,NA,FALSE,2.00E-03,NA,FALSE,NA,-9.5,-119,-15.2,-15,NA,NA,NA,NA,NA,NA,0,0
Lost City,NA,IF,Proskurowski et al.,2008,Abiogenic hydrocarbon production at lost city hydrothermal field,2008,NA,3865-GT7,vent/well fluid,peridotite,NA,umol/kg,1.14E+03,TRUE,2.00E-03,1.17E+00,TRUE,2.00E-03,1.30E-02,TRUE,2.00E-03,9.10E-02,TRUE,2.00E-03,1.20E-02,TRUE,2.00E-03,1.40E-02,TRUE,2.00E-03,NA,FALSE,NA,-12.3,-139,-13.1,-13.9,-13,NA,NA,NA,NA,NA,0,0
Lost City,NA,IF,Proskurowski et al.,2008,Abiogenic hydrocarbon production at lost city hydrothermal field,2008,NA,3864-GT10,vent/well fluid,peridotite,NA,umol/kg,1.21E+03,TRUE,2.00E-03,1.15E+00,TRUE,2.00E-03,5.00E-03,TRUE,2.00E-03,1.00E-01,TRUE,2.00E-03,1.40E-02,TRUE,2.00E-03,9.00E-03,TRUE,2.00E-03,NA,FALSE,NA,,,,,,,,,,,,
Lost City,NA,IF,Proskurowski et al.,2008,Abiogenic hydrocarbon production at lost city hydrothermal field,2008,NA,3864-GT9,vent/well fluid,peridotite,NA,umol/kg,1.28E+03,TRUE,2.00E-03,1.16E+00,TRUE,2.00E-03,7.00E-03,TRUE,2.00E-03,9.90E-02,TRUE,2.00E-03,1.80E-02,TRUE,2.00E-03,5.00E-03,TRUE,2.00E-03,NA,FALSE,NA,,,,,,,,,,,,
Lost City,NA,IF,Proskurowski et al.,2008,Abiogenic hydrocarbon production at lost city hydrothermal field,2008,NA,3864-GT7,vent/well fluid,peridotite,NA,umol/kg,1.37E+03,TRUE,2.00E-03,1.29E+00,TRUE,2.00E-03,6.00E-03,TRUE,2.00E-03,1.10E-01,TRUE,2.00E-03,1.80E-02,TRUE,2.00E-03,5.00E-03,TRUE,2.00E-03,NA,FALSE,NA,,,,,,,,,,,,
Lost City,NA,IF,Proskurowski et al.,2008,Abiogenic hydrocarbon production at lost city hydrothermal field,2008,NA,H05-IGT7,vent/well fluid,peridotite,NA,umol/kg,1.21E+03,TRUE,2.00E-03,1.16E+00,TRUE,2.00E-03,NA,FALSE,2.00E-03,9.70E-02,TRUE,2.00E-03,1.50E-02,TRUE,2.00E-03,NA,FALSE,2.00E-03,NA,FALSE,NA,-11.8,-147,-13.7,-13.4,NA,NA,NA,NA,NA,NA,0,0
Lost City,NA,8,Proskurowski et al.,2008,Abiogenic hydrocarbon production at lost city hydrothermal field,2008,NA,3871-GT15,vent/well fluid,peridotite,NA,umol/kg,1.79E+03,TRUE,2.00E-03,1.56E+00,TRUE,2.00E-03,1.30E-02,TRUE,2.00E-03,1.50E-01,TRUE,2.00E-03,2.50E-02,TRUE,2.00E-03,5.00E-03,TRUE,2.00E-03,NA,FALSE,NA,-9.9,-136,-13.3,-14.2,-14.3,NA,NA,NA,NA,NA,0,0
Lost City,NA,8,Proskurowski et al.,2008,Abiogenic hydrocarbon production at lost city hydrothermal field,2008,NA,3871-GT7,vent/well fluid,peridotite,NA,umol/kg,1.84E+03,TRUE,2.00E-03,1.70E+00,TRUE,2.00E-03,2.10E-02,TRUE,2.00E-03,1.60E-01,TRUE,2.00E-03,4.70E-02,TRUE,2.00E-03,4.00E-03,TRUE,2.00E-03,NA,FALSE,NA,,,,,,,,,,,,
Lost City,NA,7,Proskurowski et al.,2008,Abiogenic hydrocarbon production at lost city hydrothermal field,2008,NA,3866-GT14,vent/well fluid,peridotite,NA,umol/kg,1.31E+03,TRUE,2.00E-03,1.14E+00,TRUE,2.00E-03,1.40E-02,TRUE,2.00E-03,9.90E-02,TRUE,2.00E-03,1.20E-02,TRUE,2.00E-03,5.00E-03,TRUE,2.00E-03,NA,FALSE,NA,-13.2,-125,-14.6,-15.8,-14.9,NA,NA,NA,NA,NA,0,0
Lost City,NA,7,Proskurowski et al.,2008,Abiogenic hydrocarbon production at lost city hydrothermal field,2008,NA,3866-GT11,vent/well fluid,peridotite,NA,umol/kg,1.29E+03,TRUE,2.00E-03,1.08E+00,TRUE,2.00E-03,6.00E-03,TRUE,2.00E-03,9.30E-02,TRUE,2.00E-03,1.70E-02,TRUE,2.00E-03,1.00E-03,TRUE,2.00E-03,NA,FALSE,NA,,,,,,,,,,,,
Lost City,NA,C,Proskurowski et al.,2008,Abiogenic hydrocarbon production at lost city hydrothermal field,2008,NA,3871-GT9,vent/well fluid,peridotite,NA,umol/kg,1.07E+03,TRUE,2.00E-03,9.70E-01,TRUE,2.00E-03,2.00E-03,TRUE,2.00E-03,8.00E-02,TRUE,2.00E-03,1.00E-02,TRUE,2.00E-03,1.00E-02,TRUE,2.00E-03,NA,FALSE,NA,-12.1,-126,-13.5,-14.2,-13.8,NA,NA,NA,NA,NA,0,0
Lost City,NA,BH,Proskurowski et al.,2008,Abiogenic hydrocarbon production at lost city hydrothermal field,2008,NA,3876-GT7,vent/well fluid,peridotite,NA,umol/kg,1.03E+03,TRUE,2.00E-03,9.40E-01,TRUE,2.00E-03,2.00E-03,TRUE,2.00E-03,8.40E-02,TRUE,2.00E-03,1.20E-02,TRUE,2.00E-03,1.10E-02,TRUE,2.00E-03,NA,FALSE,NA,-11,-127,-13.5,-14.5,-14.6,NA,NA,NA,NA,NA,0,0
Lost City,NA,BH,Proskurowski et al.,2008,Abiogenic hydrocarbon production at lost city hydrothermal field,2008,NA,3875-GT7,vent/well fluid,peridotite,NA,umol/kg,8.90E+02,TRUE,2.00E-03,9.30E-01,TRUE,2.00E-03,2.00E-03,TRUE,2.00E-03,7.40E-02,TRUE,2.00E-03,1.00E-03,TRUE,2.00E-03,1.70E-02,TRUE,2.00E-03,NA,FALSE,NA,,,,,,,,,,,,
Lost City,NA,BH,Proskurowski et al.,2008,Abiogenic hydrocarbon production at lost city hydrothermal field,2008,NA,3876-GT9,vent/well fluid,peridotite,NA,umol/kg,1.07E+03,TRUE,2.00E-03,9.70E-01,TRUE,2.00E-03,4.00E-03,TRUE,2.00E-03,7.30E-02,TRUE,2.00E-03,1.10E-02,TRUE,2.00E-03,1.40E-02,TRUE,2.00E-03,NA,FALSE,NA,,,,,,,,,,,,
Lost City,NA,BH,Proskurowski et al.,2008,Abiogenic hydrocarbon production at lost city hydrothermal field,2008,NA,H06-IGT8,vent/well fluid,peridotite,NA,umol/kg,1.05E+03,TRUE,2.00E-03,9.50E-01,TRUE,2.00E-03,NA,FALSE,2.00E-03,7.80E-02,TRUE,2.00E-03,1.20E-02,TRUE,2.00E-03,NA,FALSE,2.00E-03,NA,FALSE,NA,-9.4,-131,-14.5,-13.8,NA,NA,NA,NA,NA,NA,0,0
Lost City,NA,3,Proskurowski et al.,2008,Abiogenic hydrocarbon production at lost city hydrothermal field,2008,NA,3862-GT7,vent/well fluid,peridotite,NA,umol/kg,1.26E+03,TRUE,2.00E-03,1.12E+00,TRUE,2.00E-03,1.00E-02,TRUE,2.00E-03,1.00E-01,TRUE,2.00E-03,1.40E-02,TRUE,2.00E-03,7.00E-03,TRUE,2.00E-03,NA,FALSE,NA,,,,,,,,,,,,
Lost City,NA,3,Proskurowski et al.,2008,Abiogenic hydrocarbon production at lost city hydrothermal field,2008,NA,3878-GT14,vent/well fluid,peridotite,NA,umol/kg,1.30E+03,TRUE,2.00E-03,1.22E+00,TRUE,2.00E-03,9.00E-03,TRUE,2.00E-03,9.90E-02,TRUE,2.00E-03,2.40E-02,TRUE,2.00E-03,3.00E-03,TRUE,2.00E-03,NA,FALSE,NA,,,,,,,,,,,,
Lost City,NA,3,Proskurowski et al.,2008,Abiogenic hydrocarbon production at lost city hydrothermal field,2008,NA,3863-GT7,vent/well fluid,peridotite,NA,umol/kg,1.55E+03,TRUE,2.00E-03,1.47E+00,TRUE,2.00E-03,4.00E-02,TRUE,2.00E-03,1.20E-01,TRUE,2.00E-03,2.30E-02,TRUE,2.00E-03,5.00E-03,TRUE,2.00E-03,NA,FALSE,NA,-10.5,NA,-13.9,NA,NA,NA,NA,NA,NA,NA,0,0
Lost City,NA,3,Proskurowski et al.,2008,Abiogenic hydrocarbon production at lost city hydrothermal field,2008,NA,H03-IGT7,vent/well fluid,peridotite,NA,umol/kg,1.37E+03,TRUE,2.00E-03,1.27E+00,TRUE,2.00E-03,NA,FALSE,2.00E-03,1.08E-01,TRUE,2.00E-03,2.00E-02,TRUE,2.00E-03,NA,FALSE,2.00E-03,NA,FALSE,NA,-11.8,-131,-14.3,-14,NA,NA,NA,NA,NA,NA,0,0
Lost City,NA,6,Proskurowski et al.,2008,Abiogenic hydrocarbon production at lost city hydrothermal field,2008,NA,3874-GT14,vent/well fluid,peridotite,NA,umol/kg,1.43E+03,TRUE,2.00E-03,1.24E+00,TRUE,2.00E-03,1.50E-02,TRUE,2.00E-03,1.10E-01,TRUE,2.00E-03,1.30E-02,TRUE,2.00E-03,3.00E-03,TRUE,2.00E-03,NA,FALSE,NA,,,,,,,,,,,,
Lost City,NA,6,Proskurowski et al.,2008,Abiogenic hydrocarbon production at lost city hydrothermal field,2008,NA,3872-GT10,vent/well fluid,peridotite,NA,umol/kg,1.61E+03,TRUE,2.00E-03,1.42E+00,TRUE,2.00E-03,6.00E-03,TRUE,2.00E-03,1.10E-01,TRUE,2.00E-03,1.80E-02,TRUE,2.00E-03,5.00E-03,TRUE,2.00E-03,NA,FALSE,NA,-11.8,NA,-14.4,-16,NA,NA,NA,NA,NA,NA,0,0
Lost City,NA,6,Proskurowski et al.,2008,Abiogenic hydrocarbon production at lost city hydrothermal field,2008,NA,3871-GT10,vent/well fluid,peridotite,NA,umol/kg,1.55E+03,TRUE,2.00E-03,1.39E+00,TRUE,2.00E-03,1.20E-02,TRUE,2.00E-03,1.20E-01,TRUE,2.00E-03,6.00E-03,TRUE,2.00E-03,5.00E-03,TRUE,2.00E-03,NA,FALSE,NA,,,,,,,,,,,,
Lost City,NA,6,Proskurowski et al.,2008,Abiogenic hydrocarbon production at lost city hydrothermal field,2008,NA,H07-IGT7,vent/well fluid,peridotite,NA,umol/kg,1.58E+03,TRUE,2.00E-03,1.40E+00,TRUE,2.00E-03,NA,FALSE,2.00E-03,1.18E-01,TRUE,2.00E-03,1.20E-02,TRUE,2.00E-03,NA,FALSE,2.00E-03,NA,FALSE,NA,-12,-135,-14.9,NA,NA,NA,NA,NA,NA,NA,0,0
Lost City,NA,C,Proskurowski et al.,2008,Abiogenic hydrocarbon production at lost city hydrothermal field,2008,NA,3869-GT10,vent/well fluid,peridotite,NA,umol/kg,1.98E+03,TRUE,2.00E-03,1.79E+00,TRUE,2.00E-03,9.00E-03,TRUE,2.00E-03,1.60E-01,TRUE,2.00E-03,2.50E-02,TRUE,2.00E-03,7.00E-03,TRUE,2.00E-03,NA,FALSE,NA,,,,,,,,,,,,
Lost City,NA,Beehive,Wang et al.,2018,Clumped isotopologue constraints on the origin of methane at seafloor hot springs,2008,NA,﻿J2-361-IGT5/-CGTWu,vent/well fluid,peridotite,NA,NA,NA,FALSE,NA,NA,FALSE,NA,,,,NA,FALSE,NA,NA,FALSE,NA,,,,NA,FALSE,NA,-10.9,-126.6,NA,NA,NA,NA,1.84,0.6,NA,NA,0,0